name,latitude,longitude,wkt,zone,street,side,length_m,est_spaces,ambiguous_band_m,lane_offset
zone 40701 · Northwest 3rd Street (left),25.7769605,-80.1982493,"POLYGON((-80.1984619 25.7769419, -80.1980357 25.7769557, -80.1980367 25.7769792, -80.1984628 25.7769654, -80.1984619 25.7769419))",40701,Northwest 3rd Street,left,42.7,6,1.3,ASSUMED 3.3-5.9 m from centreline
zone 40701 · Northwest 3rd Street (right),25.7768774,-80.1982460,"POLYGON((-80.1984596 25.7768822, -80.1980334 25.7768960, -80.1980325 25.7768725, -80.1984586 25.7768587, -80.1984596 25.7768822))",40701,Northwest 3rd Street,right,42.7,6,1.3,ASSUMED 3.3-5.9 m from centreline
zone 40701 · Northwest 2nd Avenue (left),25.7773487,-80.1977835,"POLYGON((-80.1978035 25.7775377, -80.1977894 25.7771589, -80.1977635 25.7771597, -80.1977775 25.7775385, -80.1978035 25.7775377))",40701,Northwest 2nd Avenue,left,41.9,6,1.3,ASSUMED 3.3-5.9 m from centreline
zone 40701 · Northwest 2nd Avenue (right),25.7773459,-80.1978752,"POLYGON((-80.1978693 25.7775357, -80.1978552 25.7771569, -80.1978812 25.7771561, -80.1978952 25.7775349, -80.1978693 25.7775357))",40701,Northwest 2nd Avenue,right,41.9,6,1.3,ASSUMED 3.3-5.9 m from centreline
zone 40701 · Northwest 2nd Avenue (left),25.7783767,-80.1978279,"POLYGON((-80.1978520 25.7786782, -80.1978296 25.7780744, -80.1978037 25.7780752, -80.1978261 25.7786790, -80.1978520 25.7786782))",40701,Northwest 2nd Avenue,left,66.8,9,1.3,ASSUMED 3.3-5.9 m from centreline
zone 40701 · Northwest 2nd Avenue (right),25.7783739,-80.1979196,"POLYGON((-80.1979179 25.7786762, -80.1978955 25.7780724, -80.1979214 25.7780716, -80.1979438 25.7786754, -80.1979179 25.7786762))",40701,Northwest 2nd Avenue,right,66.8,9,1.3,ASSUMED 3.3-5.9 m from centreline
zone 40701 · Northwest 5th Street (left),25.7789316,-80.1963491,"POLYGON((-80.1965226 25.7789124, -80.1961744 25.7789272, -80.1961756 25.7789507, -80.1965238 25.7789359, -80.1965226 25.7789124))",40701,Northwest 5th Street,left,34.9,5,1.3,ASSUMED 3.3-5.9 m from centreline
zone 40701 · Northwest 5th Street (right),25.7788484,-80.1963448,"POLYGON((-80.1965195 25.7788528, -80.1961713 25.7788676, -80.1961701 25.7788441, -80.1965183 25.7788293, -80.1965195 25.7788528))",40701,Northwest 5th Street,right,34.9,5,1.3,ASSUMED 3.3-5.9 m from centreline
zone 40701 · Northwest 2nd Avenue (left),25.7795366,-80.1978543,"POLYGON((-80.1978732 25.7796893, -80.1978613 25.7793830, -80.1978354 25.7793838, -80.1978472 25.7796902, -80.1978732 25.7796893))",40701,Northwest 2nd Avenue,left,33.9,5,1.3,ASSUMED 3.3-5.9 m from centreline
zone 40701 · Northwest 2nd Avenue (right),25.7795336,-80.1979460,"POLYGON((-80.1979390 25.7796872, -80.1979271 25.7793809, -80.1979531 25.7793800, -80.1979649 25.7796864, -80.1979390 25.7796872))",40701,Northwest 2nd Avenue,right,33.9,5,1.3,ASSUMED 3.3-5.9 m from centreline
zone 40701 · Northwest 1st Court (left),25.7793097,-80.1968861,"POLYGON((-80.1968629 25.7790734, -80.1968834 25.7795468, -80.1969093 25.7795459, -80.1968888 25.7790725, -80.1968629 25.7790734))",40701,Northwest 1st Court,left,52.4,7,1.3,ASSUMED 3.3-5.9 m from centreline
zone 40701 · Northwest 1st Court (right),25.7793129,-80.1967944,"POLYGON((-80.1967971 25.7790758, -80.1968176 25.7795492, -80.1967917 25.7795501, -80.1967712 25.7790767, -80.1967971 25.7790758))",40701,Northwest 1st Court,right,52.4,7,1.3,ASSUMED 3.3-5.9 m from centreline
zone 40703 · Southeast 3rd Street (left),25.7718584,-80.1881674,"POLYGON((-80.1887488 25.7718313, -80.1875852 25.7718621, -80.1875860 25.7718856, -80.1887495 25.7718548, -80.1887488 25.7718313))",40703,Southeast 3rd Street,left,116.7,17,1.3,ASSUMED 3.3-5.9 m from centreline
zone 40703 · Southeast 3rd Street (right),25.7717753,-80.1881647,"POLYGON((-80.1887469 25.7717716, -80.1875833 25.7718024, -80.1875826 25.7717789, -80.1887461 25.7717481, -80.1887469 25.7717716))",40703,Southeast 3rd Street,right,116.7,17,1.3,ASSUMED 3.3-5.9 m from centreline
zone 40703 · Southeast 2nd Street (left),25.7725896,-80.1883304,"POLYGON((-80.1882736 25.7726034, -80.1883882 25.7725993, -80.1883872 25.7725758, -80.1882726 25.7725799, -80.1882736 25.7726034))",40703,Southeast 2nd Street,left,11.5,1,1.3,ASSUMED 3.3-5.9 m from centreline
zone 40703 · Southeast 2nd Street (right),25.7726728,-80.1883339,"POLYGON((-80.1882761 25.7726631, -80.1883907 25.7726590, -80.1883917 25.7726825, -80.1882771 25.7726866, -80.1882761 25.7726631))",40703,Southeast 2nd Street,right,11.5,1,1.3,ASSUMED 3.3-5.9 m from centreline
zone 40703 · Southeast 2nd Avenue (left),25.7730326,-80.1901690,"POLYGON((-80.1901984 25.7732869, -80.1901655 25.7727769, -80.1901396 25.7727783, -80.1901725 25.7732883, -80.1901984 25.7732869))",40703,Southeast 2nd Avenue,left,56.5,8,1.3,ASSUMED 3.3-5.9 m from centreline
zone 40703 · Southeast 2nd Avenue (right),25.7730277,-80.1902606,"POLYGON((-80.1902641 25.7732834, -80.1902312 25.7727734, -80.1902571 25.7727720, -80.1902900 25.7732820, -80.1902641 25.7732834))",40703,Southeast 2nd Avenue,right,56.5,8,1.3,ASSUMED 3.3-5.9 m from centreline
zone 40703 · Northwest Miami Court (left),25.7744559,-80.1946396,"POLYGON((-80.1946546 25.7745797, -80.1946505 25.7743317, -80.1946246 25.7743320, -80.1946286 25.7745800, -80.1946546 25.7745797))",40703,Northwest Miami Court,left,27.4,4,1.3,ASSUMED 3.3-5.9 m from centreline
zone 40703 · Northwest Miami Court (right),25.7744546,-80.1947313,"POLYGON((-80.1947204 25.7745788, -80.1947163 25.7743308, -80.1947423 25.7743305, -80.1947463 25.7745785, -80.1947204 25.7745788))",40703,Northwest Miami Court,right,27.4,4,1.3,ASSUMED 3.3-5.9 m from centreline
zone 40703 · Northeast 1st Avenue (left),25.7746605,-80.1919912,"POLYGON((-80.1919638 25.7743315, -80.1919927 25.7749905, -80.1920186 25.7749896, -80.1919897 25.7743306, -80.1919638 25.7743315))",40703,Northeast 1st Avenue,left,72.9,10,1.3,ASSUMED 3.3-5.9 m from centreline
zone 40703 · Northeast 1st Avenue (right),25.7746639,-80.1918995,"POLYGON((-80.1918980 25.7743339, -80.1919269 25.7749929, -80.1919010 25.7749938, -80.1918721 25.7743348, -80.1918980 25.7743339))",40703,Northeast 1st Avenue,right,72.9,10,1.3,ASSUMED 3.3-5.9 m from centreline
zone 40703 · Northeast 2nd Avenue (left),25.7747686,-80.1902392,"POLYGON((-80.1902633 25.7750987, -80.1902410 25.7744378, -80.1902151 25.7744386, -80.1902374 25.7750994, -80.1902633 25.7750987))",40703,Northeast 2nd Avenue,left,73.1,10,1.3,ASSUMED 3.3-5.9 m from centreline
zone 40703 · Northeast 2nd Avenue (right),25.7747661,-80.1903309,"POLYGON((-80.1903291 25.7750969, -80.1903068 25.7744360, -80.1903327 25.7744353, -80.1903550 25.7750961, -80.1903291 25.7750969))",40703,Northeast 2nd Avenue,right,73.1,10,1.3,ASSUMED 3.3-5.9 m from centreline
zone 40703 · Northeast 3rd Avenue (left),25.7747872,-80.1886565,"POLYGON((-80.1886249 25.7744354, -80.1886622 25.7751400, -80.1886881 25.7751389, -80.1886508 25.7744343, -80.1886249 25.7744354))",40703,Northeast 3rd Avenue,left,78.0,11,1.3,ASSUMED 3.3-5.9 m from centreline
zone 40703 · Northeast 3rd Avenue (right),25.7747911,-80.1885649,"POLYGON((-80.1885592 25.7744383, -80.1885965 25.7751429, -80.1885706 25.7751440, -80.1885333 25.7744394, -80.1885592 25.7744383))",40703,Northeast 3rd Avenue,right,78.0,11,1.3,ASSUMED 3.3-5.9 m from centreline
zone 40703 · Northwest 1st Street (left),25.7750587,-80.1945992,"POLYGON((-80.1945734 25.7750711, -80.1946257 25.7750697, -80.1946249 25.7750462, -80.1945727 25.7750476, -80.1945734 25.7750711))",40703,Northwest 1st Street,left,5.2,0,1.3,ASSUMED 3.3-5.9 m from centreline
zone 40703 · Northwest 1st Street (right),25.7751418,-80.1946018,"POLYGON((-80.1945753 25.7751308, -80.1946276 25.7751294, -80.1946283 25.7751529, -80.1945761 25.7751543, -80.1945753 25.7751308))",40703,Northwest 1st Street,right,5.2,0,1.3,ASSUMED 3.3-5.9 m from centreline
zone 40703 · Northeast 1st Street (left),25.7751008,-80.1929591,"POLYGON((-80.1924678 25.7751221, -80.1934509 25.7751030, -80.1934503 25.7750795, -80.1924672 25.7750986, -80.1924678 25.7751221))",40703,Northeast 1st Street,left,98.6,14,1.3,ASSUMED 3.3-5.9 m from centreline
zone 40703 · Northeast 1st Street (right),25.7751840,-80.1929610,"POLYGON((-80.1924692 25.7751818, -80.1934523 25.7751627, -80.1934529 25.7751862, -80.1924698 25.7752053, -80.1924692 25.7751818))",40703,Northeast 1st Street,right,98.6,14,1.3,ASSUMED 3.3-5.9 m from centreline
zone 40703 · Northeast 1st Street (left),25.7751444,-80.1914037,"POLYGON((-80.1909781 25.7751702, -80.1918303 25.7751422, -80.1918294 25.7751187, -80.1909771 25.7751467, -80.1909781 25.7751702))",40703,Northeast 1st Street,left,85.5,12,1.3,ASSUMED 3.3-5.9 m from centreline
zone 40703 · Northeast 1st Street (right),25.7752276,-80.1914071,"POLYGON((-80.1909805 25.7752298, -80.1918327 25.7752018, -80.1918337 25.7752253, -80.1909814 25.7752533, -80.1909805 25.7752298))",40703,Northeast 1st Street,right,85.5,12,1.3,ASSUMED 3.3-5.9 m from centreline
zone 40703 · Northeast 1st Street (left),25.7752025,-80.1896462,"POLYGON((-80.1895275 25.7752182, -80.1897658 25.7752103, -80.1897649 25.7751868, -80.1895265 25.7751947, -80.1895275 25.7752182))",40703,Northeast 1st Street,left,23.9,3,1.3,ASSUMED 3.3-5.9 m from centreline
zone 40703 · Northeast 1st Street (right),25.7752856,-80.1896495,"POLYGON((-80.1895299 25.7752778, -80.1897682 25.7752699, -80.1897692 25.7752934, -80.1895308 25.7753013, -80.1895299 25.7752778))",40703,Northeast 1st Street,right,23.9,3,1.3,ASSUMED 3.3-5.9 m from centreline
zone 40703 · Northeast 1st Street (left),25.7752540,-80.1880872,"POLYGON((-80.1880156 25.7752682, -80.1881597 25.7752634, -80.1881588 25.7752399, -80.1880146 25.7752447, -80.1880156 25.7752682))",40703,Northeast 1st Street,left,14.5,2,1.3,ASSUMED 3.3-5.9 m from centreline
zone 40703 · Northeast 1st Street (right),25.7753372,-80.1880905,"POLYGON((-80.1880180 25.7753278, -80.1881621 25.7753230, -80.1881631 25.7753465, -80.1880189 25.7753513, -80.1880180 25.7753278))",40703,Northeast 1st Street,right,14.5,2,1.3,ASSUMED 3.3-5.9 m from centreline
zone 40703 · Northeast 3rd Avenue (left),25.7757338,-80.1886986,"POLYGON((-80.1886737 25.7753984, -80.1886976 25.7760700, -80.1887235 25.7760693, -80.1886997 25.7753976, -80.1886737 25.7753984))",40703,Northeast 3rd Avenue,left,74.3,11,1.3,ASSUMED 3.3-5.9 m from centreline
zone 40703 · Northeast 3rd Avenue (right),25.7757365,-80.1886069,"POLYGON((-80.1886079 25.7754003, -80.1886318 25.7760719, -80.1886058 25.7760727, -80.1885820 25.7754010, -80.1886079 25.7754003))",40703,Northeast 3rd Avenue,right,74.3,11,1.3,ASSUMED 3.3-5.9 m from centreline
zone 40711 · Southwest 1st Avenue (left),25.7463981,-80.2210980,"POLYGON((-80.2208391 25.7465013, -80.2213663 25.7463168, -80.2213570 25.7462948, -80.2208297 25.7464794, -80.2208391 25.7465013))",40711,Southwest 1st Avenue,left,56.7,8,1.3,ASSUMED 3.3-5.9 m from centreline
zone 40711 · Southwest 1st Avenue (right),25.7464757,-80.2211311,"POLYGON((-80.2208628 25.7465570, -80.2213900 25.7463725, -80.2213994 25.7463944, -80.2208721 25.7465790, -80.2208628 25.7465570))",40711,Southwest 1st Avenue,right,56.7,8,1.3,ASSUMED 3.3-5.9 m from centreline
zone 40711 · Southwest 23rd Avenue (left),25.7502802,-80.2321448,"POLYGON((-80.2321583 25.7503027, -80.2321573 25.7502573, -80.2321313 25.7502577, -80.2321324 25.7503032, -80.2321583 25.7503027))",40711,Southwest 23rd Avenue,left,5.0,0,1.3,ASSUMED 3.3-5.9 m from centreline
zone 40711 · Southwest 23rd Avenue (right),25.7502785,-80.2322366,"POLYGON((-80.2322241 25.7503014, -80.2322231 25.7502560, -80.2322490 25.7502555, -80.2322501 25.7503010, -80.2322241 25.7503014))",40711,Southwest 23rd Avenue,right,5.0,0,1.3,ASSUMED 3.3-5.9 m from centreline
zone 40711 · Southwest 19th Avenue (left),25.7504768,-80.2259983,"POLYGON((-80.2260124 25.7505161, -80.2260102 25.7504370, -80.2259843 25.7504375, -80.2259864 25.7505167, -80.2260124 25.7505161))",40711,Southwest 19th Avenue,left,8.8,1,1.3,ASSUMED 3.3-5.9 m from centreline
zone 40711 · Southwest 19th Avenue (right),25.7504748,-80.2260901,"POLYGON((-80.2260782 25.7505146, -80.2260760 25.7504355, -80.2261020 25.7504349, -80.2261041 25.7505141, -80.2260782 25.7505146))",40711,Southwest 19th Avenue,right,8.8,1,1.3,ASSUMED 3.3-5.9 m from centreline
zone 40711 · Southwest 22nd Street (left),25.7504816,-80.2333736,"POLYGON((-80.2341107 25.7504447, -80.2326355 25.7504950, -80.2326365 25.7505185, -80.2341117 25.7504682, -80.2341107 25.7504447))",40711,Southwest 22nd Street,left,148.0,22,1.3,ASSUMED 3.3-5.9 m from centreline
zone 40711 · Southwest 22nd Street (right),25.7503984,-80.2333701,"POLYGON((-80.2341082 25.7503850, -80.2326330 25.7504353, -80.2326320 25.7504118, -80.2341072 25.7503615, -80.2341082 25.7503850))",40711,Southwest 22nd Street,right,148.0,22,1.3,ASSUMED 3.3-5.9 m from centreline
zone 40711 · Southwest 14th Avenue (left),25.7503165,-80.2183417,"POLYGON((-80.2183599 25.7504487, -80.2183494 25.7501836, -80.2183235 25.7501844, -80.2183340 25.7504495, -80.2183599 25.7504487))",40711,Southwest 14th Avenue,left,29.3,4,1.3,ASSUMED 3.3-5.9 m from centreline
zone 40711 · Southwest 14th Avenue (right),25.7503136,-80.2184334,"POLYGON((-80.2184257 25.7504465, -80.2184152 25.7501814, -80.2184411 25.7501806, -80.2184516 25.7504457, -80.2184257 25.7504465))",40711,Southwest 14th Avenue,right,29.3,4,1.3,ASSUMED 3.3-5.9 m from centreline
zone 40711 · Southwest 22nd Street (left),25.7505403,-80.2316324,"POLYGON((-80.2321093 25.7505128, -80.2311544 25.7505442, -80.2311554 25.7505677, -80.2321103 25.7505363, -80.2321093 25.7505128))",40711,Southwest 22nd Street,left,95.8,14,1.3,ASSUMED 3.3-5.9 m from centreline
zone 40711 · Southwest 22nd Street (right),25.7504571,-80.2316290,"POLYGON((-80.2321070 25.7504532, -80.2311521 25.7504846, -80.2311511 25.7504611, -80.2321060 25.7504297, -80.2321070 25.7504532))",40711,Southwest 22nd Street,right,95.8,14,1.3,ASSUMED 3.3-5.9 m from centreline
zone 40711 · Southwest 22nd Street (left),25.7505124,-80.2334100,"POLYGON((-80.2327110 25.7505483, -80.2341099 25.7505000, -80.2341089 25.7504765, -80.2327100 25.7505248, -80.2327110 25.7505483))",40711,Southwest 22nd Street,left,140.4,20,1.3,ASSUMED 3.3-5.9 m from centreline
zone 40711 · Southwest 22nd Street (right),25.7505955,-80.2334134,"POLYGON((-80.2327135 25.7506079, -80.2341124 25.7505596, -80.2341134 25.7505831, -80.2327145 25.7506314, -80.2327135 25.7506079))",40711,Southwest 22nd Street,right,140.4,20,1.3,ASSUMED 3.3-5.9 m from centreline
zone 40711 · Southwest 13th Avenue (left),25.7504754,-80.2162575,"POLYGON((-80.2162458 25.7503951, -80.2162433 25.7505555, -80.2162692 25.7505558, -80.2162718 25.7503954, -80.2162458 25.7503951))",40711,Southwest 13th Avenue,left,17.7,2,1.3,ASSUMED 3.3-5.9 m from centreline
zone 40711 · Southwest 13th Avenue (right),25.7504743,-80.2161658,"POLYGON((-80.2161800 25.7503942, -80.2161775 25.7505546, -80.2161515 25.7505543, -80.2161541 25.7503939, -80.2161800 25.7503942))",40711,Southwest 13th Avenue,right,17.7,2,1.3,ASSUMED 3.3-5.9 m from centreline
zone 40711 · Southwest 22nd Street (left),25.7506276,-80.2289579,"POLYGON((-80.2290715 25.7506122, -80.2288435 25.7506194, -80.2288444 25.7506429, -80.2290724 25.7506357, -80.2290715 25.7506122))",40711,Southwest 22nd Street,left,22.9,3,1.3,ASSUMED 3.3-5.9 m from centreline
zone 40711 · Southwest 22nd Street (right),25.7505444,-80.2289548,"POLYGON((-80.2290692 25.7505526, -80.2288412 25.7505598, -80.2288403 25.7505363, -80.2290683 25.7505291, -80.2290692 25.7505526))",40711,Southwest 22nd Street,right,22.9,3,1.3,ASSUMED 3.3-5.9 m from centreline
zone 40711 · Southwest 22nd Street (left),25.7505877,-80.2312062,"POLYGON((-80.2303133 25.7506293, -80.2321000 25.7505696, -80.2320991 25.7505461, -80.2303124 25.7506058, -80.2303133 25.7506293))",40711,Southwest 22nd Street,left,179.3,26,1.3,ASSUMED 3.3-5.9 m from centreline
zone 40711 · Southwest 22nd Street (right),25.7506709,-80.2312096,"POLYGON((-80.2303158 25.7506890, -80.2321025 25.7506293, -80.2321034 25.7506528, -80.2303167 25.7507125, -80.2303158 25.7506890))",40711,Southwest 22nd Street,right,179.3,26,1.3,ASSUMED 3.3-5.9 m from centreline
zone 40711 · Southwest 22nd Street (left),25.7506988,-80.2267752,"POLYGON((-80.2270108 25.7506792, -80.2265387 25.7506949, -80.2265396 25.7507184, -80.2270117 25.7507028, -80.2270108 25.7506792))",40711,Southwest 22nd Street,left,47.4,7,1.3,ASSUMED 3.3-5.9 m from centreline
zone 40711 · Southwest 22nd Street (right),25.7506157,-80.2267718,"POLYGON((-80.2270083 25.7506196, -80.2265362 25.7506353, -80.2265353 25.7506117, -80.2270074 25.7505961, -80.2270083 25.7506196))",40711,Southwest 22nd Street,right,47.4,7,1.3,ASSUMED 3.3-5.9 m from centreline
zone 40711 · Southwest 16th Avenue (left),25.7506632,-80.2200025,"POLYGON((-80.2199895 25.7506325, -80.2199896 25.7506940, -80.2200155 25.7506939, -80.2200154 25.7506325, -80.2199895 25.7506325))",40711,Southwest 16th Avenue,left,6.8,1,1.3,ASSUMED 3.3-5.9 m from centreline
zone 40711 · Southwest 16th Avenue (right),25.7506634,-80.2199107,"POLYGON((-80.2199236 25.7506326, -80.2199237 25.7506941, -80.2198978 25.7506941, -80.2198977 25.7506327, -80.2199236 25.7506326))",40711,Southwest 16th Avenue,right,6.8,1,1.3,ASSUMED 3.3-5.9 m from centreline
zone 40711 · Southwest 22nd Street (left),25.7506644,-80.2288955,"POLYGON((-80.2283140 25.7506941, -80.2294778 25.7506582, -80.2294769 25.7506347, -80.2283132 25.7506706, -80.2283140 25.7506941))",40711,Southwest 22nd Street,left,116.8,17,1.3,ASSUMED 3.3-5.9 m from centreline
zone 40711 · Southwest 22nd Street (right),25.7507476,-80.2288986,"POLYGON((-80.2283163 25.7507538, -80.2294801 25.7507179, -80.2294809 25.7507414, -80.2283172 25.7507773, -80.2283163 25.7507538))",40711,Southwest 22nd Street,right,116.8,17,1.3,ASSUMED 3.3-5.9 m from centreline
zone 40711 · Southwest 22nd Street (left),25.7507670,-80.2247664,"POLYGON((-80.2249727 25.7507481, -80.2245591 25.7507624, -80.2245601 25.7507859, -80.2249737 25.7507716, -80.2249727 25.7507481))",40711,Southwest 22nd Street,left,41.5,6,1.3,ASSUMED 3.3-5.9 m from centreline
zone 40711 · Southwest 22nd Street (right),25.7506839,-80.2247629,"POLYGON((-80.2249702 25.7506885, -80.2245566 25.7507028, -80.2245556 25.7506793, -80.2249692 25.7506650, -80.2249702 25.7506885))",40711,Southwest 22nd Street,right,41.5,6,1.3,ASSUMED 3.3-5.9 m from centreline
zone 40711 · Southwest 24th Avenue (left),25.7507729,-80.2341465,"POLYGON((-80.2341618 25.7508362, -80.2341572 25.7507089, -80.2341313 25.7507097, -80.2341359 25.7508369, -80.2341618 25.7508362))",40711,Southwest 24th Avenue,left,14.1,2,1.3,ASSUMED 3.3-5.9 m from centreline
zone 40711 · Southwest 24th Avenue (right),25.7507702,-80.2342383,"POLYGON((-80.2342276 25.7508342, -80.2342230 25.7507069, -80.2342489 25.7507062, -80.2342535 25.7508334, -80.2342276 25.7508342))",40711,Southwest 24th Avenue,right,14.1,2,1.3,ASSUMED 3.3-5.9 m from centreline
zone 40711 · Southwest 22nd Street (left),25.7508262,-80.2228992,"POLYGON((-80.2236113 25.7507890, -80.2221861 25.7508399, -80.2221872 25.7508634, -80.2236123 25.7508125, -80.2236113 25.7507890))",40711,Southwest 22nd Street,left,143.0,21,1.3,ASSUMED 3.3-5.9 m from centreline
zone 40711 · Southwest 22nd Street (right),25.7507431,-80.2228956,"POLYGON((-80.2236087 25.7507294, -80.2221835 25.7507803, -80.2221825 25.7507568, -80.2236076 25.7507059, -80.2236087 25.7507294))",40711,Southwest 22nd Street,right,143.0,21,1.3,ASSUMED 3.3-5.9 m from centreline
zone 40711 · Southwest 22nd Street (left),25.7507300,-80.2268812,"POLYGON((-80.2265884 25.7507515, -80.2271749 25.7507320, -80.2271740 25.7507085, -80.2265875 25.7507279, -80.2265884 25.7507515))",40711,Southwest 22nd Street,left,58.8,8,1.3,ASSUMED 3.3-5.9 m from centreline
zone 40711 · Southwest 22nd Street (right),25.7508131,-80.2268846,"POLYGON((-80.2265909 25.7508111, -80.2271774 25.7507916, -80.2271783 25.7508152, -80.2265918 25.7508346, -80.2265909 25.7508111))",40711,Southwest 22nd Street,right,58.8,8,1.3,ASSUMED 3.3-5.9 m from centreline
zone 40711 · Southwest 23rd Avenue (left),25.7508015,-80.2321282,"POLYGON((-80.2321421 25.7508238, -80.2321401 25.7507782, -80.2321142 25.7507792, -80.2321162 25.7508248, -80.2321421 25.7508238))",40711,Southwest 23rd Avenue,left,5.0,0,1.3,ASSUMED 3.3-5.9 m from centreline
zone 40711 · Southwest 23rd Avenue (right),25.7507981,-80.2322198,"POLYGON((-80.2322079 25.7508214, -80.2322059 25.7507758, -80.2322318 25.7507748, -80.2322338 25.7508204, -80.2322079 25.7508214))",40711,Southwest 23rd Avenue,right,5.0,0,1.3,ASSUMED 3.3-5.9 m from centreline
zone 40711 · Southwest 22nd Street (left),25.7507917,-80.2248848,"POLYGON((-80.2245356 25.7508150, -80.2252350 25.7507920, -80.2252340 25.7507685, -80.2245346 25.7507915, -80.2245356 25.7508150))",40711,Southwest 22nd Street,left,70.2,10,1.3,ASSUMED 3.3-5.9 m from centreline
zone 40711 · Southwest 22nd Street (right),25.7508749,-80.2248881,"POLYGON((-80.2245379 25.7508746, -80.2252373 25.7508516, -80.2252383 25.7508751, -80.2245389 25.7508981, -80.2245379 25.7508746))",40711,Southwest 22nd Street,right,70.2,10,1.3,ASSUMED 3.3-5.9 m from centreline
zone 40711 · Southwest 22nd Street (left),25.7508959,-80.2204568,"POLYGON((-80.2208886 25.7508732, -80.2200243 25.7508951, -80.2200250 25.7509186, -80.2208893 25.7508967, -80.2208886 25.7508732))",40711,Southwest 22nd Street,left,86.7,12,1.3,ASSUMED 3.3-5.9 m from centreline
zone 40711 · Southwest 22nd Street (right),25.7508127,-80.2204542,"POLYGON((-80.2208867 25.7508135, -80.2200224 25.7508354, -80.2200217 25.7508119, -80.2208860 25.7507900, -80.2208867 25.7508135))",40711,Southwest 22nd Street,right,86.7,12,1.3,ASSUMED 3.3-5.9 m from centreline
zone 40711 · Southwest 22nd Street (left),25.7509305,-80.2191504,"POLYGON((-80.2195462 25.7509080, -80.2187538 25.7509295, -80.2187546 25.7509530, -80.2195470 25.7509315, -80.2195462 25.7509080))",40711,Southwest 22nd Street,left,79.5,11,1.3,ASSUMED 3.3-5.9 m from centreline
zone 40711 · Southwest 22nd Street (right),25.7508473,-80.2191477,"POLYGON((-80.2195443 25.7508483, -80.2187519 25.7508698, -80.2187511 25.7508463, -80.2195435 25.7508248, -80.2195443 25.7508483))",40711,Southwest 22nd Street,right,79.5,11,1.3,ASSUMED 3.3-5.9 m from centreline
zone 40711 · Southwest 22nd Street (left),25.7508684,-80.2226459,"POLYGON((-80.2223537 25.7508900, -80.2229391 25.7508703, -80.2229382 25.7508468, -80.2223528 25.7508665, -80.2223537 25.7508900))",40711,Southwest 22nd Street,left,58.7,8,1.3,ASSUMED 3.3-5.9 m from centreline
zone 40711 · Southwest 22nd Street (right),25.7509516,-80.2226494,"POLYGON((-80.2223562 25.7509497, -80.2229416 25.7509300, -80.2229425 25.7509535, -80.2223571 25.7509732, -80.2223562 25.7509497))",40711,Southwest 22nd Street,right,58.7,8,1.3,ASSUMED 3.3-5.9 m from centreline
zone 40711 · Southwest 22nd Street (left),25.7509838,-80.2172282,"POLYGON((-80.2172625 25.7509711, -80.2171931 25.7509731, -80.2171939 25.7509966, -80.2172633 25.7509946, -80.2172625 25.7509711))",40711,Southwest 22nd Street,left,7.0,1,1.3,ASSUMED 3.3-5.9 m from centreline
zone 40711 · Southwest 22nd Street (right),25.7509007,-80.2172253,"POLYGON((-80.2172604 25.7509114, -80.2171910 25.7509134, -80.2171902 25.7508899, -80.2172596 25.7508879, -80.2172604 25.7509114))",40711,Southwest 22nd Street,right,7.0,1,1.3,ASSUMED 3.3-5.9 m from centreline
zone 40711 · Southwest 22nd Street (left),25.7510364,-80.2154042,"POLYGON((-80.2156350 25.7510174, -80.2151725 25.7510320, -80.2151734 25.7510555, -80.2156359 25.7510409, -80.2156350 25.7510174))",40711,Southwest 22nd Street,left,46.4,6,1.3,ASSUMED 3.3-5.9 m from centreline
zone 40711 · Southwest 22nd Street (right),25.7509533,-80.2154010,"POLYGON((-80.2156327 25.7509577, -80.2151702 25.7509723, -80.2151693 25.7509488, -80.2156318 25.7509342, -80.2156327 25.7509577))",40711,Southwest 22nd Street,right,46.4,6,1.3,ASSUMED 3.3-5.9 m from centreline
zone 40711 · Southwest 22nd Street (left),25.7509634,-80.2191506,"POLYGON((-80.2187532 25.7509855, -80.2195487 25.7509648, -80.2195479 25.7509413, -80.2187525 25.7509620, -80.2187532 25.7509855))",40711,Southwest 22nd Street,left,79.8,11,1.3,ASSUMED 3.3-5.9 m from centreline
zone 40711 · Southwest 22nd Street (right),25.7510466,-80.2191532,"POLYGON((-80.2187551 25.7510452, -80.2195506 25.7510245, -80.2195513 25.7510480, -80.2187559 25.7510687, -80.2187551 25.7510452))",40711,Southwest 22nd Street,right,79.8,11,1.3,ASSUMED 3.3-5.9 m from centreline
zone 40711 · Southwest 22nd Street (left),25.7509997,-80.2177941,"POLYGON((-80.2172630 25.7510272, -80.2183261 25.7509957, -80.2183252 25.7509722, -80.2172621 25.7510037, -80.2172630 25.7510272))",40711,Southwest 22nd Street,left,106.6,15,1.3,ASSUMED 3.3-5.9 m from centreline
zone 40711 · Southwest 22nd Street (right),25.7510829,-80.2177971,"POLYGON((-80.2172651 25.7510869, -80.2183282 25.7510554, -80.2183291 25.7510789, -80.2172660 25.7511104, -80.2172651 25.7510869))",40711,Southwest 22nd Street,right,106.6,15,1.3,ASSUMED 3.3-5.9 m from centreline
zone 40711 · Southwest 22nd Street (left),25.7510673,-80.2152307,"POLYGON((-80.2151196 25.7510817, -80.2153425 25.7510764, -80.2153418 25.7510529, -80.2151189 25.7510582, -80.2151196 25.7510817))",40711,Southwest 22nd Street,left,22.4,3,1.3,ASSUMED 3.3-5.9 m from centreline
zone 40711 · Southwest 22nd Street (right),25.7511505,-80.2152331,"POLYGON((-80.2151213 25.7511414, -80.2153442 25.7511361, -80.2153449 25.7511596, -80.2151220 25.7511649, -80.2151213 25.7511414))",40711,Southwest 22nd Street,right,22.4,3,1.3,ASSUMED 3.3-5.9 m from centreline
zone 40711 · Southwest 21st Avenue (left),25.7511637,-80.2280696,"POLYGON((-80.2280939 25.7514173, -80.2280712 25.7509091, -80.2280453 25.7509101, -80.2280680 25.7514183, -80.2280939 25.7514173))",40711,Southwest 21st Avenue,left,56.2,8,1.3,ASSUMED 3.3-5.9 m from centreline
zone 40711 · Southwest 21st Avenue (right),25.7511603,-80.2281613,"POLYGON((-80.2281597 25.7514149, -80.2281370 25.7509067, -80.2281629 25.7509057, -80.2281856 25.7514139, -80.2281597 25.7514149))",40711,Southwest 21st Avenue,right,56.2,8,1.3,ASSUMED 3.3-5.9 m from centreline
zone 40711 · Southwest 18th Avenue (left),25.7514059,-80.2239932,"POLYGON((-80.2240135 25.7515513, -80.2239989 25.7512595, -80.2239730 25.7512606, -80.2239876 25.7515523, -80.2240135 25.7515513))",40711,Southwest 18th Avenue,left,32.3,4,1.3,ASSUMED 3.3-5.9 m from centreline
zone 40711 · Southwest 18th Avenue (right),25.7514022,-80.2240849,"POLYGON((-80.2240792 25.7515486, -80.2240646 25.7512568, -80.2240905 25.7512558, -80.2241051 25.7515475, -80.2240792 25.7515486))",40711,Southwest 18th Avenue,right,32.3,4,1.3,ASSUMED 3.3-5.9 m from centreline
zone 40711 · Southwest 14th Avenue (left),25.7513267,-80.2183692,"POLYGON((-80.2183873 25.7514549, -80.2183770 25.7511977, -80.2183510 25.7511985, -80.2183613 25.7514557, -80.2183873 25.7514549))",40711,Southwest 14th Avenue,left,28.4,4,1.3,ASSUMED 3.3-5.9 m from centreline
zone 40711 · Southwest 14th Avenue (right),25.7513237,-80.2184608,"POLYGON((-80.2184530 25.7514527, -80.2184427 25.7511955, -80.2184687 25.7511947, -80.2184790 25.7514519, -80.2184530 25.7514527))",40711,Southwest 14th Avenue,right,28.4,4,1.3,ASSUMED 3.3-5.9 m from centreline
zone 40711 · Southwest 13th Avenue (left),25.7515944,-80.2161972,"POLYGON((-80.2161820 25.7514476, -80.2161865 25.7517414, -80.2162124 25.7517411, -80.2162079 25.7514473, -80.2161820 25.7514476))",40711,Southwest 13th Avenue,left,32.5,4,1.3,ASSUMED 3.3-5.9 m from centreline
zone 40711 · Southwest 13th Avenue (right),25.7515955,-80.2161054,"POLYGON((-80.2161161 25.7514485, -80.2161206 25.7517423, -80.2160947 25.7517426, -80.2160902 25.7514488, -80.2161161 25.7514485))",40711,Southwest 13th Avenue,right,32.5,4,1.3,ASSUMED 3.3-5.9 m from centreline
zone 40711 · Southwest 21st Terrace (left),25.7515432,-80.2225866,"POLYGON((-80.2224533 25.7515603, -80.2227210 25.7515496, -80.2227199 25.7515261, -80.2224521 25.7515368, -80.2224533 25.7515603))",40711,Southwest 21st Terrace,left,26.9,4,1.3,ASSUMED 3.3-5.9 m from centreline
zone 40711 · Southwest 21st Terrace (right),25.7516264,-80.2225906,"POLYGON((-80.2224562 25.7516200, -80.2227239 25.7516093, -80.2227251 25.7516328, -80.2224573 25.7516435, -80.2224562 25.7516200))",40711,Southwest 21st Terrace,right,26.9,4,1.3,ASSUMED 3.3-5.9 m from centreline
zone 40711 · Southwest 21st Terrace (left),25.7515434,-80.2250603,"POLYGON((-80.2242028 25.7515842, -80.2259188 25.7515260, -80.2259179 25.7515025, -80.2242018 25.7515607, -80.2242028 25.7515842))",40711,Southwest 21st Terrace,left,172.2,25,1.3,ASSUMED 3.3-5.9 m from centreline
zone 40711 · Southwest 21st Terrace (right),25.7516265,-80.2250638,"POLYGON((-80.2242053 25.7516439, -80.2259213 25.7515857, -80.2259223 25.7516092, -80.2242062 25.7516674, -80.2242053 25.7516439))",40711,Southwest 21st Terrace,right,172.2,25,1.3,ASSUMED 3.3-5.9 m from centreline
zone 40711 · Southwest 21st Avenue (left),25.7524424,-80.2281138,"POLYGON((-80.2281285 25.7525204, -80.2281250 25.7523639, -80.2280990 25.7523643, -80.2281026 25.7525209, -80.2281285 25.7525204))",40711,Southwest 21st Avenue,left,17.3,2,1.3,ASSUMED 3.3-5.9 m from centreline
zone 40711 · Southwest 21st Avenue (right),25.7524406,-80.2282055,"POLYGON((-80.2281943 25.7525191, -80.2281908 25.7523626, -80.2282167 25.7523621, -80.2282203 25.7525187, -80.2281943 25.7525191))",40711,Southwest 21st Avenue,right,17.3,2,1.3,ASSUMED 3.3-5.9 m from centreline
zone 40712 · Southwest 32nd Avenue (left),25.7477524,-80.2462697,"POLYGON((-80.2462842 25.7477764, -80.2462811 25.7477271, -80.2462552 25.7477284, -80.2462583 25.7477778, -80.2462842 25.7477764))",40712,Southwest 32nd Avenue,left,5.5,0,1.3,ASSUMED 3.3-5.9 m from centreline
zone 40712 · Southwest 32nd Avenue (right),25.7477476,-80.2463613,"POLYGON((-80.2463499 25.7477729, -80.2463468 25.7477236, -80.2463727 25.7477222, -80.2463758 25.7477716, -80.2463499 25.7477729))",40712,Southwest 32nd Avenue,right,5.5,0,1.3,ASSUMED 3.3-5.9 m from centreline
zone 40712 · Southwest 23rd Street (left),25.7481594,-80.2482613,"POLYGON((-80.2471989 25.7481999, -80.2493245 25.7481423, -80.2493237 25.7481188, -80.2471981 25.7481764, -80.2471989 25.7481999))",40712,Southwest 23rd Street,left,213.2,31,1.3,ASSUMED 3.3-5.9 m from centreline
zone 40712 · Southwest 23rd Street (right),25.7482425,-80.2482640,"POLYGON((-80.2472008 25.7482596, -80.2493264 25.7482020, -80.2493272 25.7482255, -80.2472016 25.7482831, -80.2472008 25.7482596))",40712,Southwest 23rd Street,right,213.2,31,1.3,ASSUMED 3.3-5.9 m from centreline
zone 40712 · Southwest 23rd Street (left),25.7482574,-80.2447540,"POLYGON((-80.2433785 25.7483075, -80.2461303 25.7482307, -80.2461295 25.7482072, -80.2433778 25.7482840, -80.2433785 25.7483075))",40712,Southwest 23rd Street,left,276.0,41,1.3,ASSUMED 3.3-5.9 m from centreline
zone 40712 · Southwest 23rd Street (right),25.7483405,-80.2447569,"POLYGON((-80.2433806 25.7483672, -80.2461324 25.7482904, -80.2461331 25.7483139, -80.2433814 25.7483907, -80.2433806 25.7483672))",40712,Southwest 23rd Street,right,276.0,41,1.3,ASSUMED 3.3-5.9 m from centreline
zone 40712 · Southwest 22nd Terrace (left),25.7489548,-80.2534298,"POLYGON((-80.2529147 25.7489809, -80.2539457 25.7489522, -80.2539449 25.7489287, -80.2529140 25.7489574, -80.2529147 25.7489809))",40712,Southwest 22nd Terrace,left,103.4,15,1.3,ASSUMED 3.3-5.9 m from centreline
zone 40712 · Southwest 22nd Terrace (right),25.7490380,-80.2534327,"POLYGON((-80.2529168 25.7490406, -80.2539478 25.7490119, -80.2539485 25.7490354, -80.2529176 25.7490641, -80.2529168 25.7490406))",40712,Southwest 22nd Terrace,right,103.4,15,1.3,ASSUMED 3.3-5.9 m from centreline
zone 40712 · Southwest 22nd Terrace (left),25.7490354,-80.2506348,"POLYGON((-80.2497507 25.7490724, -80.2515197 25.7490219, -80.2515189 25.7489984, -80.2497499 25.7490489, -80.2497507 25.7490724))",40712,Southwest 22nd Terrace,left,177.5,26,1.3,ASSUMED 3.3-5.9 m from centreline
zone 40712 · Southwest 22nd Terrace (right),25.7491186,-80.2506377,"POLYGON((-80.2497528 25.7491321, -80.2515218 25.7490816, -80.2515226 25.7491051, -80.2497536 25.7491556, -80.2497528 25.7491321))",40712,Southwest 22nd Terrace,right,177.5,26,1.3,ASSUMED 3.3-5.9 m from centreline
zone 40712 · Southwest 22nd Terrace (left),25.7491190,-80.2476856,"POLYGON((-80.2474203 25.7491381, -80.2479517 25.7491233, -80.2479509 25.7490998, -80.2474195 25.7491146, -80.2474203 25.7491381))",40712,Southwest 22nd Terrace,left,53.3,7,1.3,ASSUMED 3.3-5.9 m from centreline
zone 40712 · Southwest 22nd Terrace (right),25.7492021,-80.2476885,"POLYGON((-80.2474224 25.7491978, -80.2479538 25.7491830, -80.2479546 25.7492065, -80.2474232 25.7492213, -80.2474224 25.7491978))",40712,Southwest 22nd Terrace,right,53.3,7,1.3,ASSUMED 3.3-5.9 m from centreline
zone 40712 · Southwest 22nd Terrace (left),25.7491795,-80.2454353,"POLYGON((-80.2450012 25.7492036, -80.2458702 25.7491789, -80.2458694 25.7491554, -80.2450004 25.7491801, -80.2450012 25.7492036))",40712,Southwest 22nd Terrace,left,87.2,13,1.3,ASSUMED 3.3-5.9 m from centreline
zone 40712 · Southwest 22nd Terrace (right),25.7492627,-80.2454382,"POLYGON((-80.2450033 25.7492633, -80.2458723 25.7492386, -80.2458731 25.7492621, -80.2450041 25.7492868, -80.2450033 25.7492633))",40712,Southwest 22nd Terrace,right,87.2,13,1.3,ASSUMED 3.3-5.9 m from centreline
zone 40712 · Southwest 32nd Avenue (left),25.7496705,-80.2463457,"POLYGON((-80.2463635 25.7498214, -80.2463539 25.7495189, -80.2463280 25.7495196, -80.2463376 25.7498221, -80.2463635 25.7498214))",40712,Southwest 32nd Avenue,left,33.5,4,1.3,ASSUMED 3.3-5.9 m from centreline
zone 40712 · Southwest 32nd Avenue (right),25.7496681,-80.2464375,"POLYGON((-80.2464293 25.7498197, -80.2464197 25.7495172, -80.2464456 25.7495165, -80.2464552 25.7498190, -80.2464293 25.7498197))",40712,Southwest 32nd Avenue,right,33.5,4,1.3,ASSUMED 3.3-5.9 m from centreline
zone 40712 · Southwest 31st Avenue (left),25.7499200,-80.2432296,"POLYGON((-80.2432437 25.7499654, -80.2432414 25.7498740, -80.2432154 25.7498746, -80.2432178 25.7499659, -80.2432437 25.7499654))",40712,Southwest 31st Avenue,left,10.1,1,1.3,ASSUMED 3.3-5.9 m from centreline
zone 40712 · Southwest 31st Avenue (right),25.7499180,-80.2433213,"POLYGON((-80.2433095 25.7499640, -80.2433072 25.7498726, -80.2433331 25.7498721, -80.2433355 25.7499634, -80.2433095 25.7499640))",40712,Southwest 31st Avenue,right,10.1,1,1.3,ASSUMED 3.3-5.9 m from centreline
zone 40712 · Southwest 29th Avenue (left),25.7498844,-80.2407097,"POLYGON((-80.2407251 25.7499497, -80.2407204 25.7498183, -80.2406944 25.7498190, -80.2406991 25.7499505, -80.2407251 25.7499497))",40712,Southwest 29th Avenue,left,14.5,2,1.3,ASSUMED 3.3-5.9 m from centreline
zone 40712 · Southwest 29th Avenue (right),25.7498817,-80.2408015,"POLYGON((-80.2407908 25.7499478, -80.2407861 25.7498164, -80.2408121 25.7498156, -80.2408168 25.7499471, -80.2407908 25.7499478))",40712,Southwest 29th Avenue,right,14.5,2,1.3,ASSUMED 3.3-5.9 m from centreline
zone 40712 · Southwest 22nd Street (left),25.7501358,-80.2448290,"POLYGON((-80.2449087 25.7501220, -80.2447487 25.7501261, -80.2447494 25.7501496, -80.2449094 25.7501455, -80.2449087 25.7501220))",40712,Southwest 22nd Street,left,16.0,2,1.3,ASSUMED 3.3-5.9 m from centreline
zone 40712 · Southwest 22nd Street (right),25.7500526,-80.2448265,"POLYGON((-80.2449068 25.7500623, -80.2447468 25.7500664, -80.2447461 25.7500429, -80.2449061 25.7500388, -80.2449068 25.7500623))",40712,Southwest 22nd Street,right,16.0,2,1.3,ASSUMED 3.3-5.9 m from centreline
zone 40712 · Southwest 22nd Street (left),25.7502565,-80.2405617,"POLYGON((-80.2406914 25.7502411, -80.2404313 25.7502484, -80.2404321 25.7502719, -80.2406922 25.7502646, -80.2406914 25.7502411))",40712,Southwest 22nd Street,left,26.1,3,1.3,ASSUMED 3.3-5.9 m from centreline
zone 40712 · Southwest 22nd Street (right),25.7501733,-80.2405589,"POLYGON((-80.2406893 25.7501814, -80.2404292 25.7501887, -80.2404284 25.7501652, -80.2406885 25.7501579, -80.2406893 25.7501814))",40712,Southwest 22nd Street,right,26.1,3,1.3,ASSUMED 3.3-5.9 m from centreline
zone 40712 · Southwest 22nd Street (left),25.7501748,-80.2447234,"POLYGON((-80.2442703 25.7501981, -80.2451771 25.7501749, -80.2451764 25.7501514, -80.2442696 25.7501746, -80.2442703 25.7501981))",40712,Southwest 22nd Street,left,91.0,13,1.3,ASSUMED 3.3-5.9 m from centreline
zone 40712 · Southwest 22nd Street (right),25.7502579,-80.2447259,"POLYGON((-80.2442722 25.7502578, -80.2451790 25.7502346, -80.2451797 25.7502581, -80.2442729 25.7502813, -80.2442722 25.7502578))",40712,Southwest 22nd Street,right,91.0,13,1.3,ASSUMED 3.3-5.9 m from centreline
zone 40712 · Southwest 22nd Street (left),25.7502762,-80.2411324,"POLYGON((-80.2409839 25.7502925, -80.2412818 25.7502834, -80.2412810 25.7502599, -80.2409831 25.7502690, -80.2409839 25.7502925))",40712,Southwest 22nd Street,left,29.9,4,1.3,ASSUMED 3.3-5.9 m from centreline
zone 40712 · Southwest 22nd Street (right),25.7503594,-80.2411356,"POLYGON((-80.2409862 25.7503522, -80.2412841 25.7503431, -80.2412849 25.7503666, -80.2409870 25.7503757, -80.2409862 25.7503522))",40712,Southwest 22nd Street,right,29.9,4,1.3,ASSUMED 3.3-5.9 m from centreline
zone 40712 · Southwest 22nd Street (left),25.7503487,-80.2373766,"POLYGON((-80.2376545 25.7503272, -80.2370976 25.7503468, -80.2370986 25.7503703, -80.2376555 25.7503507, -80.2376545 25.7503272))",40712,Southwest 22nd Street,left,55.9,8,1.3,ASSUMED 3.3-5.9 m from centreline
zone 40712 · Southwest 22nd Street (right),25.7502656,-80.2373730,"POLYGON((-80.2376520 25.7502675, -80.2370951 25.7502871, -80.2370941 25.7502636, -80.2376510 25.7502440, -80.2376520 25.7502675))",40712,Southwest 22nd Street,right,55.9,8,1.3,ASSUMED 3.3-5.9 m from centreline
zone 40712 · Southwest 22nd Street (left),25.7504173,-80.2352861,"POLYGON((-80.2357560 25.7503897, -80.2348153 25.7504215, -80.2348162 25.7504450, -80.2357569 25.7504132, -80.2357560 25.7503897))",40712,Southwest 22nd Street,left,94.4,14,1.3,ASSUMED 3.3-5.9 m from centreline
zone 40712 · Southwest 22nd Street (right),25.7503342,-80.2352827,"POLYGON((-80.2357535 25.7503300, -80.2348128 25.7503618, -80.2348119 25.7503383, -80.2357526 25.7503065, -80.2357535 25.7503300))",40712,Southwest 22nd Street,right,94.4,14,1.3,ASSUMED 3.3-5.9 m from centreline
zone 40712 · Southwest 22nd Street (left),25.7503839,-80.2373177,"POLYGON((-80.2372177 25.7503988, -80.2374186 25.7503925, -80.2374177 25.7503690, -80.2372168 25.7503753, -80.2372177 25.7503988))",40712,Southwest 22nd Street,left,20.2,3,1.3,ASSUMED 3.3-5.9 m from centreline
zone 40712 · Southwest 22nd Street (right),25.7504671,-80.2373209,"POLYGON((-80.2372200 25.7504585, -80.2374209 25.7504522, -80.2374218 25.7504757, -80.2372209 25.7504820, -80.2372200 25.7504585))",40712,Southwest 22nd Street,right,20.2,3,1.3,ASSUMED 3.3-5.9 m from centreline
zone 40712 · Southwest 22nd Street (left),25.7504455,-80.2353787,"POLYGON((-80.2351339 25.7504644, -80.2356243 25.7504502, -80.2356235 25.7504266, -80.2351331 25.7504409, -80.2351339 25.7504644))",40712,Southwest 22nd Street,left,49.2,7,1.3,ASSUMED 3.3-5.9 m from centreline
zone 40712 · Southwest 22nd Street (right),25.7505287,-80.2353816,"POLYGON((-80.2351360 25.7505240, -80.2356264 25.7505098, -80.2356272 25.7505333, -80.2351368 25.7505476, -80.2351360 25.7505240))",40712,Southwest 22nd Street,right,49.2,7,1.3,ASSUMED 3.3-5.9 m from centreline
zone 40712 · Southwest 33rd Avenue (left),25.7504134,-80.2486145,"POLYGON((-80.2486322 25.7505409, -80.2486228 25.7502851, -80.2485969 25.7502859, -80.2486063 25.7505417, -80.2486322 25.7505409))",40712,Southwest 33rd Avenue,left,28.3,4,1.3,ASSUMED 3.3-5.9 m from centreline
zone 40712 · Southwest 33rd Avenue (right),25.7504106,-80.2487063,"POLYGON((-80.2486980 25.7505389, -80.2486886 25.7502831, -80.2487145 25.7502823, -80.2487239 25.7505381, -80.2486980 25.7505389))",40712,Southwest 33rd Avenue,right,28.3,4,1.3,ASSUMED 3.3-5.9 m from centreline
zone 40712 · Southwest 30th Court (left),25.7507540,-80.2427041,"POLYGON((-80.2427207 25.7508206, -80.2427134 25.7506863, -80.2426875 25.7506875, -80.2426948 25.7508217, -80.2427207 25.7508206))",40712,Southwest 30th Court,left,14.9,2,1.3,ASSUMED 3.3-5.9 m from centreline
zone 40712 · Southwest 30th Court (right),25.7507500,-80.2427958,"POLYGON((-80.2427865 25.7508177, -80.2427792 25.7506834, -80.2428051 25.7506823, -80.2428124 25.7508165, -80.2427865 25.7508177))",40712,Southwest 30th Court,right,14.9,2,1.3,ASSUMED 3.3-5.9 m from centreline
zone 40712 · Southwest 25th Avenue (left),25.7507061,-80.2361877,"POLYGON((-80.2362029 25.7507712, -80.2361984 25.7506402, -80.2361725 25.7506409, -80.2361770 25.7507720, -80.2362029 25.7507712))",40712,Southwest 25th Avenue,left,14.5,2,1.3,ASSUMED 3.3-5.9 m from centreline
zone 40712 · Southwest 25th Avenue (right),25.7507034,-80.2362794,"POLYGON((-80.2362687 25.7507693, -80.2362642 25.7506383, -80.2362901 25.7506375, -80.2362946 25.7507686, -80.2362687 25.7507693))",40712,Southwest 25th Avenue,right,14.5,2,1.3,ASSUMED 3.3-5.9 m from centreline
zone 40712 · Southwest 21st Terrace (left),25.7509018,-80.2459132,"POLYGON((-80.2455939 25.7509223, -80.2462333 25.7509047, -80.2462326 25.7508812, -80.2455931 25.7508988, -80.2455939 25.7509223))",40712,Southwest 21st Terrace,left,64.1,9,1.3,ASSUMED 3.3-5.9 m from centreline
zone 40712 · Southwest 21st Terrace (right),25.7509849,-80.2459160,"POLYGON((-80.2455959 25.7509820, -80.2462353 25.7509644, -80.2462361 25.7509879, -80.2455966 25.7510055, -80.2455959 25.7509820))",40712,Southwest 21st Terrace,right,64.1,9,1.3,ASSUMED 3.3-5.9 m from centreline
zone 40712 · Southwest 32nd Avenue (left),25.7512762,-80.2464169,"POLYGON((-80.2464365 25.7514078, -80.2464231 25.7511435, -80.2463972 25.7511445, -80.2464106 25.7514089, -80.2464365 25.7514078))",40712,Southwest 32nd Avenue,left,29.3,4,1.3,ASSUMED 3.3-5.9 m from centreline
zone 40712 · Southwest 32nd Avenue (right),25.7512723,-80.2465085,"POLYGON((-80.2465023 25.7514050, -80.2464889 25.7511407, -80.2465148 25.7511396, -80.2465282 25.7514040, -80.2465023 25.7514050))",40712,Southwest 32nd Avenue,right,29.3,4,1.3,ASSUMED 3.3-5.9 m from centreline
zone 40712 · Southwest 31st Court (left),25.7513047,-80.2453842,"POLYGON((-80.2454078 25.7514601, -80.2453865 25.7511479, -80.2453606 25.7511493, -80.2453820 25.7514616, -80.2454078 25.7514601))",40712,Southwest 31st Court,left,34.6,5,1.3,ASSUMED 3.3-5.9 m from centreline
zone 40712 · Southwest 31st Court (right),25.7512996,-80.2454758,"POLYGON((-80.2454735 25.7514564, -80.2454522 25.7511442, -80.2454780 25.7511427, -80.2454994 25.7514550, -80.2454735 25.7514564))",40712,Southwest 31st Court,right,34.6,5,1.3,ASSUMED 3.3-5.9 m from centreline
zone 40712 · Southwest 21st Street (left),25.7515888,-80.2459448,"POLYGON((-80.2456217 25.7516117, -80.2462688 25.7515895, -80.2462678 25.7515660, -80.2456207 25.7515882, -80.2456217 25.7516117))",40712,Southwest 21st Street,left,64.9,9,1.3,ASSUMED 3.3-5.9 m from centreline
zone 40712 · Southwest 21st Street (right),25.7516720,-80.2459482,"POLYGON((-80.2456242 25.7516713, -80.2462713 25.7516491, -80.2462723 25.7516726, -80.2456252 25.7516948, -80.2456242 25.7516713))",40712,Southwest 21st Street,right,64.9,9,1.3,ASSUMED 3.3-5.9 m from centreline
zone 40713 · Southwest 27th Street (left),25.7410663,-80.2534915,"POLYGON((-80.2529587 25.7410922, -80.2540251 25.7410638, -80.2540243 25.7410403, -80.2529579 25.7410687, -80.2529587 25.7410922))",40713,Southwest 27th Street,left,107.0,15,1.3,ASSUMED 3.3-5.9 m from centreline
zone 40713 · Southwest 27th Street (right),25.7411494,-80.2534942,"POLYGON((-80.2529606 25.7411519, -80.2540270 25.7411235, -80.2540278 25.7411470, -80.2529614 25.7411754, -80.2529606 25.7411519))",40713,Southwest 27th Street,right,107.0,15,1.3,ASSUMED 3.3-5.9 m from centreline
zone 40713 · Southwest 26th Terrace (left),25.7420122,-80.2528902,"POLYGON((-80.2519413 25.7420521, -80.2538399 25.7419958, -80.2538390 25.7419723, -80.2519404 25.7420286, -80.2519413 25.7420521))",40713,Southwest 26th Terrace,left,190.5,28,1.3,ASSUMED 3.3-5.9 m from centreline
zone 40713 · Southwest 26th Terrace (right),25.7420954,-80.2528931,"POLYGON((-80.2519434 25.7421118, -80.2538420 25.7420555, -80.2538429 25.7420790, -80.2519443 25.7421353, -80.2519434 25.7421118))",40713,Southwest 26th Terrace,right,190.5,28,1.3,ASSUMED 3.3-5.9 m from centreline
zone 40713 · Southwest 26th Street (left),25.7429616,-80.2537373,"POLYGON((-80.2534046 25.7429844, -80.2540709 25.7429623, -80.2540699 25.7429388, -80.2534037 25.7429609, -80.2534046 25.7429844))",40713,Southwest 26th Street,left,66.8,9,1.3,ASSUMED 3.3-5.9 m from centreline
zone 40713 · Southwest 26th Street (right),25.7430447,-80.2537406,"POLYGON((-80.2534070 25.7430440, -80.2540733 25.7430219, -80.2540742 25.7430454, -80.2534080 25.7430675, -80.2534070 25.7430440))",40713,Southwest 26th Street,right,66.8,9,1.3,ASSUMED 3.3-5.9 m from centreline
zone 40713 · Southwest 25th Terrace (left),25.7437765,-80.2530713,"POLYGON((-80.2520411 25.7438181, -80.2541024 25.7437584, -80.2541016 25.7437348, -80.2520403 25.7437946, -80.2520411 25.7438181))",40713,Southwest 25th Terrace,left,206.8,30,1.3,ASSUMED 3.3-5.9 m from centreline
zone 40713 · Southwest 25th Terrace (right),25.7438596,-80.2530743,"POLYGON((-80.2520432 25.7438777, -80.2541045 25.7438180, -80.2541053 25.7438415, -80.2520440 25.7439013, -80.2520432 25.7438777))",40713,Southwest 25th Terrace,right,206.8,30,1.3,ASSUMED 3.3-5.9 m from centreline
zone 40713 · Southwest 25th Street (left),25.7445770,-80.2529913,"POLYGON((-80.2520625 25.7446146, -80.2539210 25.7445629, -80.2539202 25.7445394, -80.2520617 25.7445910, -80.2520625 25.7446146))",40713,Southwest 25th Street,left,186.4,27,1.3,ASSUMED 3.3-5.9 m from centreline
zone 40713 · Southwest 25th Street (right),25.7446601,-80.2529942,"POLYGON((-80.2520645 25.7446742, -80.2539230 25.7446225, -80.2539238 25.7446461, -80.2520653 25.7446977, -80.2520645 25.7446742))",40713,Southwest 25th Street,right,186.4,27,1.3,ASSUMED 3.3-5.9 m from centreline
zone 40713 · Southwest 24th Terrace (left),25.7453725,-80.2531269,"POLYGON((-80.2520898 25.7454145, -80.2541648 25.7453540, -80.2541640 25.7453305, -80.2520890 25.7453909, -80.2520898 25.7454145))",40713,Southwest 24th Terrace,left,208.2,31,1.3,ASSUMED 3.3-5.9 m from centreline
zone 40713 · Southwest 24th Terrace (right),25.7454556,-80.2531298,"POLYGON((-80.2520919 25.7454741, -80.2541669 25.7454136, -80.2541677 25.7454372, -80.2520927 25.7454976, -80.2520919 25.7454741))",40713,Southwest 24th Terrace,right,208.2,31,1.3,ASSUMED 3.3-5.9 m from centreline
zone 40713 · Southwest 25th Street (left),25.7454668,-80.2373456,"POLYGON((-80.2371427 25.7454863, -80.2375495 25.7454708, -80.2375484 25.7454473, -80.2371417 25.7454628, -80.2371427 25.7454863))",40713,Southwest 25th Street,left,40.8,6,1.3,ASSUMED 3.3-5.9 m from centreline
zone 40713 · Southwest 25th Street (right),25.7455499,-80.2373494,"POLYGON((-80.2371455 25.7455459, -80.2375523 25.7455304, -80.2375533 25.7455539, -80.2371466 25.7455694, -80.2371455 25.7455459))",40713,Southwest 25th Street,right,40.8,6,1.3,ASSUMED 3.3-5.9 m from centreline
zone 40713 · Southwest 24th Terrace (left),25.7460574,-80.2394898,"POLYGON((-80.2385356 25.7460952, -80.2404448 25.7460430, -80.2404441 25.7460195, -80.2385348 25.7460717, -80.2385356 25.7460952))",40713,Southwest 24th Terrace,left,191.5,28,1.3,ASSUMED 3.3-5.9 m from centreline
zone 40713 · Southwest 24th Terrace (right),25.7461405,-80.2394926,"POLYGON((-80.2385376 25.7461549, -80.2404468 25.7461027, -80.2404476 25.7461262, -80.2385383 25.7461784, -80.2385376 25.7461549))",40713,Southwest 24th Terrace,right,191.5,28,1.3,ASSUMED 3.3-5.9 m from centreline
zone 40713 · Southwest 24th Street (left),25.7461576,-80.2531717,"POLYGON((-80.2521312 25.7462000, -80.2542130 25.7461386, -80.2542121 25.7461151, -80.2521303 25.7461765, -80.2521312 25.7462000))",40713,Southwest 24th Street,left,208.8,31,1.3,ASSUMED 3.3-5.9 m from centreline
zone 40713 · Southwest 24th Street (right),25.7462407,-80.2531746,"POLYGON((-80.2521333 25.7462597, -80.2542151 25.7461983, -80.2542160 25.7462218, -80.2521342 25.7462832, -80.2521333 25.7462597))",40713,Southwest 24th Street,right,208.8,31,1.3,ASSUMED 3.3-5.9 m from centreline
zone 40713 · Southwest 24th Street (left),25.7465648,-80.2394168,"POLYGON((-80.2383588 25.7466064, -80.2404755 25.7465467, -80.2404747 25.7465232, -80.2383580 25.7465829, -80.2383588 25.7466064))",40713,Southwest 24th Street,left,212.3,31,1.3,ASSUMED 3.3-5.9 m from centreline
zone 40713 · Southwest 24th Street (right),25.7466480,-80.2394196,"POLYGON((-80.2383609 25.7466661, -80.2404776 25.7466064, -80.2404784 25.7466299, -80.2383617 25.7466896, -80.2383609 25.7466661))",40713,Southwest 24th Street,right,212.3,31,1.3,ASSUMED 3.3-5.9 m from centreline
zone 40713 · Southwest 23rd Terrace (left),25.7470715,-80.2531069,"POLYGON((-80.2521721 25.7471119, -80.2540425 25.7470546, -80.2540417 25.7470311, -80.2521713 25.7470884, -80.2521721 25.7471119))",40713,Southwest 23rd Terrace,left,187.6,28,1.3,ASSUMED 3.3-5.9 m from centreline
zone 40713 · Southwest 23rd Terrace (right),25.7471547,-80.2531100,"POLYGON((-80.2521744 25.7471716, -80.2540448 25.7471143, -80.2540456 25.7471378, -80.2521752 25.7471951, -80.2521744 25.7471716))",40713,Southwest 23rd Terrace,right,187.6,28,1.3,ASSUMED 3.3-5.9 m from centreline
zone 40713 · Southwest 23rd Terrace (left),25.7474584,-80.2394445,"POLYGON((-80.2383922 25.7474993, -80.2404976 25.7474410, -80.2404968 25.7474174, -80.2383914 25.7474758, -80.2383922 25.7474993))",40713,Southwest 23rd Terrace,left,211.2,31,1.3,ASSUMED 3.3-5.9 m from centreline
zone 40713 · Southwest 23rd Terrace (right),25.7475415,-80.2394473,"POLYGON((-80.2383942 25.7475589, -80.2404996 25.7475006, -80.2405004 25.7475241, -80.2383950 25.7475825, -80.2383942 25.7475589))",40713,Southwest 23rd Terrace,right,211.2,31,1.3,ASSUMED 3.3-5.9 m from centreline
zone 40713 · Southwest 23rd Street (left),25.7480091,-80.2533791,"POLYGON((-80.2527350 25.7480408, -80.2540241 25.7480008, -80.2540232 25.7479773, -80.2527341 25.7480173, -80.2527350 25.7480408))",40713,Southwest 23rd Street,left,129.3,19,1.3,ASSUMED 3.3-5.9 m from centreline
zone 40713 · Southwest 23rd Street (right),25.7480922,-80.2533823,"POLYGON((-80.2527373 25.7481005, -80.2540264 25.7480605, -80.2540273 25.7480840, -80.2527382 25.7481240, -80.2527373 25.7481005))",40713,Southwest 23rd Street,right,129.3,19,1.3,ASSUMED 3.3-5.9 m from centreline
zone 40713 · Southwest 23rd Street (left),25.7484125,-80.2390809,"POLYGON((-80.2387829 25.7484310, -80.2393795 25.7484175, -80.2393789 25.7483940, -80.2387823 25.7484075, -80.2387829 25.7484310))",40713,Southwest 23rd Street,left,59.8,8,1.3,ASSUMED 3.3-5.9 m from centreline
zone 40713 · Southwest 23rd Street (right),25.7484957,-80.2390832,"POLYGON((-80.2387846 25.7484907, -80.2393812 25.7484772, -80.2393818 25.7485007, -80.2387852 25.7485142, -80.2387846 25.7484907))",40713,Southwest 23rd Street,right,59.8,8,1.3,ASSUMED 3.3-5.9 m from centreline
zone 40713 · Southwest 23rd Street (left),25.7486999,-80.2371503,"POLYGON((-80.2363808 25.7487384, -80.2379209 25.7486849, -80.2379199 25.7486614, -80.2363798 25.7487149, -80.2363808 25.7487384))",40713,Southwest 23rd Street,left,154.5,23,1.3,ASSUMED 3.3-5.9 m from centreline
zone 40713 · Southwest 23rd Street (right),25.7487831,-80.2371539,"POLYGON((-80.2363833 25.7487981, -80.2379234 25.7487446, -80.2379244 25.7487681, -80.2363843 25.7488216, -80.2363833 25.7487981))",40713,Southwest 23rd Street,right,154.5,23,1.3,ASSUMED 3.3-5.9 m from centreline
zone 40713 · Southwest 22nd Terrace (left),25.7494962,-80.2367315,"POLYGON((-80.2363495 25.7495211, -80.2371145 25.7494948, -80.2371135 25.7494713, -80.2363485 25.7494976, -80.2363495 25.7495211))",40713,Southwest 22nd Terrace,left,76.8,11,1.3,ASSUMED 3.3-5.9 m from centreline
zone 40713 · Southwest 22nd Terrace (right),25.7495793,-80.2367350,"POLYGON((-80.2363520 25.7495807, -80.2371170 25.7495544, -80.2371180 25.7495779, -80.2363530 25.7496042, -80.2363520 25.7495807))",40713,Southwest 22nd Terrace,right,76.8,11,1.3,ASSUMED 3.3-5.9 m from centreline
