t_s,latitude,longitude,heading_deg,speed_ms,sigma_along_m,sigma_cross_m
420.0,25.7683653,-80.1921793,95.6,0.35,1.4,1.8
420.25,25.7683652,-80.1921784,95.6,0.37,1.5,1.8
420.5,25.7683651,-80.1921775,95.6,0.38,1.5,1.8
420.75,25.768365,-80.1921765,95.6,0.39,1.5,1.8
421.0,25.7683649,-80.1921755,95.6,0.4,1.6,1.8
421.25,25.7683649,-80.1921746,95.6,0.4,1.6,1.8
421.5,25.7683648,-80.1921736,95.6,0.4,1.6,1.8
421.75,25.7683647,-80.1921726,95.6,0.43,1.7,1.8
422.0,25.7683646,-80.1921714,95.6,0.52,2.1,1.8
422.25,25.7683644,-80.19217,95.6,0.66,2.6,1.8
422.5,25.7683643,-80.1921681,95.6,0.82,3.3,1.8
422.75,25.7683641,-80.1921659,95.6,1.02,4.1,1.8
423.0,25.7683638,-80.1921631,95.6,1.28,5.1,1.8
423.25,25.7683635,-80.1921595,95.6,1.59,6.3,1.8
423.5,25.7683631,-80.1921552,95.6,1.93,7.6,1.8
423.75,25.7683627,-80.19215,95.6,2.31,9.2,1.8
424.0,25.7683621,-80.1921437,95.6,2.69,10.7,1.8
424.25,25.7683615,-80.1921366,95.5,2.9,11.5,1.8
424.5,25.7683609,-80.1921293,95.5,2.88,11.4,1.8
424.75,25.7683602,-80.1921223,95.5,2.79,11.1,1.8
425.0,25.7683594,-80.1921155,103.2,2.8,11.2,1.8
425.25,25.768358,-80.1921086,103.2,2.99,11.9,1.8
425.5,25.7683563,-80.192101,103.2,3.22,12.8,1.8
425.75,25.7683546,-80.1920929,103.2,3.35,13.3,1.8
426.0,25.7683529,-80.1920847,103.2,3.44,13.7,1.8
426.25,25.7683511,-80.1920762,103.2,3.6,14.4,1.8
426.5,25.7683492,-80.1920672,103.2,3.83,15.3,1.8
426.75,25.7683471,-80.1920576,103.2,4.0,16.0,1.8
427.0,25.768345,-80.1920478,103.2,4.11,16.5,1.8
427.25,25.7683429,-80.1920376,103.2,4.31,17.3,1.8
427.5,25.7683406,-80.1920269,103.2,4.59,18.4,1.8
427.75,25.7683382,-80.1920154,103.2,4.8,19.2,1.8
428.0,25.7683356,-80.1920035,103.2,4.99,20.0,1.8
428.25,25.768333,-80.1919911,103.2,5.55,22.2,1.8
428.5,25.7683299,-80.1919766,103.2,6.68,26.6,1.8
428.75,25.7683261,-80.1919587,103.2,7.96,31.5,1.8
429.0,25.7683217,-80.1919379,103.2,9.15,36.2,1.8
429.25,25.7683167,-80.1919143,103.2,11.13,43.8,1.8
429.5,25.7683102,-80.1918839,103.2,12.72,50.0,1.8
429.75,25.7683036,-80.1918525,103.2,10.88,43.1,1.8
430.0,25.768299,-80.1918311,103.2,6.49,26.7,1.8
430.25,25.7682969,-80.191821,103.2,4.0,18.1,1.8
430.5,25.7682949,-80.1918116,103.2,4.1,18.5,1.8
430.75,25.7682927,-80.1918011,103.2,4.65,20.5,1.8
431.0,25.7682901,-80.191789,103.2,5.42,23.2,1.8
431.25,25.7682871,-80.1917747,103.2,6.95,28.8,1.8
431.5,25.7682829,-80.1917553,103.2,9.4,37.9,1.8
431.75,25.7682774,-80.1917291,103.2,11.77,46.9,1.8
432.0,25.7682708,-80.1916981,103.2,12.05,48.1,1.8
432.25,25.768265,-80.1916706,103.2,9.55,39.1,1.8
432.5,25.768261,-80.1916518,103.2,6.56,28.7,1.8
432.75,25.7682582,-80.1916388,103.2,5.39,25.0,1.8
433.0,25.7682554,-80.1916256,103.2,5.75,26.3,1.8
433.25,25.7682523,-80.1916108,103.2,6.32,28.3,1.8
433.5,25.7682489,-80.1915949,103.2,6.87,30.4,1.8
433.75,25.7682452,-80.1915775,103.2,7.55,32.8,1.8
434.0,25.7682411,-80.1915583,103.2,8.31,35.6,1.8
434.25,25.7682366,-80.1915371,103.2,9.03,38.4,1.8
434.5,25.7682318,-80.1915144,103.2,8.95,38.3,1.8
434.75,25.7682274,-80.1914937,103.2,7.58,33.9,1.8
435.0,25.768224,-80.1914776,103.2,5.98,29.1,1.8
435.25,25.7682212,-80.1914647,103.2,5.13,26.9,1.8
435.5,25.7682187,-80.1914527,103.2,4.99,26.7,1.8
435.75,25.7682161,-80.1914404,103.2,5.24,27.6,1.8
436.0,25.7682133,-80.1914273,103.2,5.57,28.7,1.8
436.25,25.7682103,-80.1914134,103.2,5.85,29.7,1.8
436.5,25.7682073,-80.1913989,103.2,5.82,29.9,1.8
436.75,25.7682043,-80.1913851,103.2,5.38,28.9,1.8
437.0,25.7682017,-80.1913728,103.2,4.68,27.3,1.8
437.25,25.7681995,-80.1913623,103.2,4.02,26.0,1.8
437.5,25.7681976,-80.1913533,103.2,3.62,25.3,1.8
437.75,25.7681958,-80.1913448,103.2,3.56,25.3,1.8
438.0,25.7681939,-80.191336,103.2,3.82,26.1,1.8
438.25,25.7681918,-80.1913262,103.2,4.35,27.4,1.8
438.5,25.7681894,-80.1913148,103.2,5.22,29.7,1.8
438.75,25.7681865,-80.1913009,103.2,6.49,33.3,1.8
439.0,25.7681827,-80.1912833,103.2,7.29,35.9,1.8
439.25,25.768179,-80.1912655,103.0,6.81,34.8,1.8
439.5,25.7681758,-80.1912502,103.0,5.99,32.8,1.8
439.75,25.7681729,-80.1912364,103.0,5.53,31.3,1.8
440.0,25.7681702,-80.1912234,103.0,4.95,29.7,1.8
440.25,25.7681679,-80.1912123,103.0,4.28,27.9,1.8
440.5,25.7681658,-80.1912026,103.0,3.99,27.1,1.8
440.75,25.7681638,-80.1911929,103.0,3.93,26.7,1.8
441.0,25.7681618,-80.1911835,103.0,3.71,26.1,1.8
441.25,25.76816,-80.1911748,103.0,3.5,25.5,1.8
441.5,25.7681583,-80.1911665,103.0,3.47,25.2,1.8
441.75,25.7681565,-80.191158,103.0,3.51,25.1,1.8
442.0,25.7681547,-80.1911494,103.0,3.58,25.0,1.8
442.25,25.7681529,-80.1911405,103.0,3.8,25.3,1.8
442.5,25.7681509,-80.1911309,103.0,4.13,25.8,1.8
442.75,25.7681487,-80.1911205,103.0,4.35,26.1,1.8
443.0,25.7681464,-80.1911097,103.0,4.37,25.9,1.8
443.25,25.7681442,-80.1910992,103.0,4.33,25.6,1.8
443.5,25.768142,-80.1910887,103.0,4.35,25.4,1.8
443.75,25.7681398,-80.1910781,103.0,4.39,25.3,1.8
444.0,25.7681376,-80.1910674,103.0,4.24,24.7,1.8
444.25,25.7681355,-80.1910575,103.0,3.97,23.9,1.8
444.5,25.7681335,-80.1910481,103.0,3.88,23.5,1.8
444.75,25.7681316,-80.1910387,103.0,3.92,23.4,1.8
445.0,25.7681296,-80.1910291,103.0,3.96,23.3,1.8
445.25,25.7681276,-80.1910194,103.0,3.97,23.1,1.8
445.5,25.7681255,-80.1910098,103.0,3.96,22.9,1.8
445.75,25.7681235,-80.1910002,103.0,3.82,22.3,1.8
446.0,25.7681217,-80.1909912,103.0,3.62,21.7,1.8
446.25,25.7681199,-80.1909826,103.0,3.53,21.3,1.8
446.5,25.7681181,-80.1909741,103.0,3.49,21.0,1.8
446.75,25.7681163,-80.1909656,103.0,3.39,20.6,1.8
447.0,25.7681146,-80.1909576,103.0,3.19,20.0,1.8
447.25,25.7681131,-80.1909501,103.0,2.96,19.4,1.8
447.5,25.7681116,-80.1909432,103.0,2.76,18.8,1.8
447.75,25.7681103,-80.1909367,103.0,2.56,18.3,1.8
448.0,25.768109,-80.1909308,103.0,2.37,17.8,1.8
448.25,25.7681079,-80.1909252,103.0,2.23,17.4,1.8
448.5,25.7681068,-80.1909199,103.0,2.08,17.1,1.8
448.75,25.7681057,-80.1909151,103.0,1.84,16.6,1.8
449.0,25.7681049,-80.190911,103.0,1.58,16.1,1.8
449.25,25.7681041,-80.1909074,103.0,1.41,15.8,1.8
449.5,25.7681035,-80.1909041,103.0,1.31,15.6,1.8
449.75,25.7681028,-80.190901,103.0,1.28,15.5,1.8
450.0,25.7681021,-80.1908979,103.4,1.24,15.4,1.8
450.25,25.7681015,-80.1908949,103.4,1.19,15.2,1.8
450.5,25.7681009,-80.1908921,103.4,1.15,15.1,1.8
450.75,25.7681003,-80.1908893,103.4,1.15,15.1,1.8
451.0,25.7680997,-80.1908865,103.4,1.17,15.0,1.8
451.25,25.7680991,-80.1908836,103.4,1.2,15.0,1.8
451.5,25.7680984,-80.1908807,103.4,1.24,14.9,1.8
451.75,25.7680978,-80.1908776,103.4,1.28,14.9,1.8
452.0,25.7680971,-80.1908745,103.4,1.32,14.9,1.8
452.25,25.7680964,-80.1908712,103.4,1.34,14.8,1.8
452.5,25.7680957,-80.190868,103.4,1.33,14.7,1.8
452.75,25.768095,-80.1908648,103.4,1.3,14.6,1.8
453.0,25.7680943,-80.1908617,103.4,1.31,14.6,1.8
453.25,25.7680936,-80.1908584,103.4,1.35,14.5,1.8
453.5,25.7680929,-80.1908551,103.4,1.36,14.4,1.8
453.75,25.7680922,-80.1908518,103.4,1.35,14.4,1.8
454.0,25.7680915,-80.1908486,103.4,1.32,14.2,1.8
454.25,25.7680909,-80.1908454,103.4,1.25,14.1,1.8
454.5,25.7680902,-80.1908425,103.4,1.18,13.9,1.8
454.75,25.7680896,-80.1908397,103.4,1.11,13.8,1.8
455.0,25.7680891,-80.1908371,103.4,1.06,13.7,1.8
455.25,25.7680885,-80.1908346,103.4,0.99,13.5,1.8
455.5,25.768088,-80.1908323,103.4,0.92,13.4,1.8
455.75,25.7680876,-80.1908301,103.4,0.87,13.3,1.8
456.0,25.7680871,-80.1908281,103.4,0.79,13.2,1.8
456.25,25.7680867,-80.1908263,103.4,0.69,13.1,1.8
456.5,25.7680864,-80.1908247,103.4,0.6,13.0,1.8
456.75,25.7680861,-80.1908234,103.4,0.52,12.9,1.8
457.0,25.7680858,-80.1908222,103.4,0.46,12.8,1.8
457.25,25.7680856,-80.1908211,103.4,0.42,12.8,1.8
457.5,25.7680854,-80.1908202,103.4,0.4,12.8,1.8
457.75,25.7680852,-80.1908192,103.4,0.41,12.7,1.8
458.0,25.768085,-80.1908182,103.4,0.41,12.7,1.8
458.25,25.7680848,-80.1908172,103.4,0.42,12.7,1.8
458.5,25.7680845,-80.1908161,103.4,0.45,12.7,1.8
458.75,25.7680843,-80.190815,103.4,0.49,12.7,1.8
459.0,25.768084,-80.1908138,103.4,0.52,12.7,1.8
459.25,25.7680838,-80.1908125,103.4,0.54,12.6,1.8
459.5,25.7680835,-80.1908112,103.4,0.53,12.6,1.8
459.75,25.7680832,-80.1908099,103.4,0.5,12.5,1.8
460.0,25.7680829,-80.1908087,103.4,0.5,12.5,1.8
460.25,25.7680827,-80.1908075,103.4,0.52,12.5,1.8
460.5,25.7680824,-80.1908062,103.4,0.55,12.5,1.8
460.75,25.7680821,-80.1908049,103.4,0.57,12.5,1.8
461.0,25.7680818,-80.1908034,103.4,0.63,12.5,1.8
461.25,25.7680815,-80.1908018,103.4,0.71,12.5,1.8
461.5,25.7680811,-80.1908,103.4,0.78,12.5,1.8
461.75,25.7680806,-80.190798,103.4,0.82,12.5,1.8
462.0,25.7680802,-80.190796,103.4,0.83,12.4,1.8
462.25,25.7680798,-80.190794,103.4,0.82,12.4,1.8
462.5,25.7680794,-80.190792,103.4,0.84,12.3,1.8
462.75,25.7680789,-80.19079,103.4,0.88,12.3,1.8
463.0,25.7680784,-80.1907878,103.4,0.95,12.3,1.8
463.25,25.7680779,-80.1907854,103.4,1.03,12.3,1.8
463.5,25.7680774,-80.1907828,103.4,1.06,12.3,1.8
463.75,25.7680768,-80.1907802,103.4,1.03,12.2,1.8
464.0,25.7680763,-80.1907778,103.4,0.97,12.1,1.8
464.25,25.7680758,-80.1907755,103.4,0.92,12.0,1.8
464.5,25.7680753,-80.1907733,103.4,0.9,11.9,1.8
464.75,25.7680749,-80.1907712,103.4,0.91,11.9,1.8
465.0,25.7680744,-80.1907689,103.4,0.95,11.8,1.8
465.25,25.7680739,-80.1907665,103.4,0.96,11.8,1.8
465.5,25.7680734,-80.1907642,103.4,0.94,11.7,1.8
465.75,25.7680729,-80.190762,103.4,0.88,11.6,1.8
466.0,25.7680724,-80.19076,103.4,0.79,11.5,1.8
466.25,25.7680721,-80.1907582,103.4,0.7,11.4,1.8
466.5,25.7680717,-80.1907566,103.4,0.63,11.3,1.8
466.75,25.7680714,-80.1907551,103.4,0.59,11.2,1.8
467.0,25.7680711,-80.1907537,103.4,0.59,11.2,1.8
467.25,25.7680708,-80.1907523,103.4,0.58,11.1,1.8
467.5,25.7680705,-80.1907509,103.4,0.58,11.1,1.8
467.75,25.7680702,-80.1907495,103.4,0.67,11.1,1.8
468.0,25.7680698,-80.1907477,103.4,0.79,11.2,1.8
468.25,25.7680694,-80.1907456,103.4,0.85,11.2,1.8
468.5,25.7680689,-80.1907435,103.4,0.87,11.1,1.8
468.75,25.7680685,-80.1907414,103.4,0.95,11.1,1.8
469.0,25.7680679,-80.1907389,103.4,1.09,11.2,1.8
469.25,25.7680673,-80.1907361,103.4,1.12,11.2,1.8
469.5,25.7680667,-80.1907334,103.4,1.09,11.1,1.8
469.75,25.7680662,-80.1907309,103.4,1.11,11.1,1.8
470.0,25.7680656,-80.1907281,103.4,1.17,11.1,1.8
470.25,25.768065,-80.1907252,103.4,1.21,11.0,1.8
470.5,25.7680643,-80.1907222,103.4,1.21,11.0,1.8
470.75,25.7680637,-80.1907193,103.4,1.19,10.9,1.8
471.0,25.7680631,-80.1907165,103.4,1.17,10.8,1.8
471.25,25.7680625,-80.1907137,103.4,1.1,10.6,1.8
471.5,25.7680619,-80.1907111,103.4,1.01,10.5,1.8
471.75,25.7680614,-80.1907088,103.4,0.99,10.4,1.8
472.0,25.7680609,-80.1907063,103.4,0.99,10.3,1.8
472.25,25.7680604,-80.190704,103.4,0.96,10.2,1.8
472.5,25.7680599,-80.1907016,103.4,0.98,10.2,1.8
472.75,25.7680594,-80.1906992,103.4,1.05,10.2,1.8
473.0,25.7680588,-80.1906966,103.4,1.11,10.2,1.8
473.25,25.7680582,-80.1906938,103.4,1.16,10.2,1.8
473.5,25.7680576,-80.1906909,103.4,1.17,10.2,1.8
473.75,25.768057,-80.1906881,103.4,1.13,10.0,1.8
474.0,25.7680564,-80.1906854,103.4,1.09,9.9,1.8
474.25,25.7680558,-80.1906828,103.4,1.1,9.9,1.8
474.5,25.7680552,-80.1906801,103.4,1.16,9.9,1.8
474.75,25.7680546,-80.1906772,103.4,1.18,9.8,1.8
475.0,25.768054,-80.1906744,103.4,1.17,9.8,1.8
475.25,25.7680534,-80.1906716,103.4,1.14,9.7,1.8
475.5,25.7680528,-80.1906688,103.4,1.12,9.6,1.8
475.75,25.7680522,-80.1906661,103.4,1.11,9.5,1.8
476.0,25.7680517,-80.1906634,103.4,1.09,9.4,1.8
476.25,25.7680511,-80.1906608,103.4,1.06,9.3,1.8
476.5,25.7680506,-80.1906583,103.4,1.03,9.2,1.8
476.75,25.76805,-80.1906558,103.4,1.03,9.1,1.8
477.0,25.7680495,-80.1906533,103.4,1.06,9.1,1.8
477.25,25.7680489,-80.1906507,103.4,1.09,9.1,1.8
477.5,25.7680483,-80.190648,103.4,1.09,9.0,1.8
477.75,25.7680478,-80.1906454,103.4,1.11,9.0,1.8
478.0,25.7680472,-80.1906426,103.4,1.13,8.9,1.8
478.25,25.7680466,-80.1906399,103.4,1.2,9.0,1.8
478.5,25.7680459,-80.1906368,103.4,1.31,9.1,1.8
478.75,25.7680452,-80.1906335,103.4,1.43,9.2,1.8
479.0,25.7680444,-80.1906299,103.4,1.51,9.3,1.8
479.25,25.7680436,-80.1906261,103.4,1.54,9.2,1.8
479.5,25.7680428,-80.1906224,103.4,1.6,9.2,1.8
479.75,25.768042,-80.1906184,103.4,1.75,9.4,1.8
480.0,25.768041,-80.1906139,103.4,1.94,9.8,1.8
480.25,25.7680399,-80.190609,103.4,2.12,10.1,1.8
480.5,25.7680388,-80.1906036,103.4,2.25,10.3,1.8
480.75,25.7680376,-80.190598,103.4,2.37,10.5,1.8
481.0,25.7680363,-80.1905921,103.4,2.54,10.8,1.8
481.25,25.7680349,-80.1905857,103.4,2.59,10.8,1.8
481.5,25.7680336,-80.1905796,103.4,2.24,9.8,1.8
481.75,25.7680326,-80.1905749,103.4,1.7,8.5,1.8
482.0,25.7680318,-80.1905713,103.4,1.37,7.7,1.8
482.25,25.7680312,-80.1905682,103.4,1.34,7.6,1.8
482.5,25.7680304,-80.1905648,103.4,1.5,7.8,1.8
482.75,25.7680296,-80.1905609,103.4,1.76,8.3,1.8
483.0,25.7680286,-80.1905563,103.4,2.05,8.9,1.8
483.25,25.7680275,-80.190551,103.4,2.1,8.9,1.8
483.5,25.7680264,-80.1905461,103.4,1.91,8.4,1.8
483.75,25.7680255,-80.1905417,103.4,1.7,7.8,1.8
484.0,25.7680246,-80.1905379,103.4,1.5,7.3,1.8
484.25,25.7680239,-80.1905345,103.4,1.29,6.8,1.8
484.5,25.7680233,-80.1905316,103.4,1.12,6.4,1.8
484.75,25.7680227,-80.190529,103.4,1.01,6.1,1.8
485.0,25.7680222,-80.1905267,103.4,0.95,6.0,1.8
485.25,25.7680217,-80.1905244,103.4,0.89,5.8,1.8
485.5,25.7680213,-80.1905224,103.4,0.82,5.7,1.8
485.75,25.7680209,-80.1905204,103.4,0.8,5.6,1.8
486.0,25.7680205,-80.1905185,103.4,0.77,5.5,1.8
486.25,25.7680201,-80.1905167,103.4,0.76,5.4,1.8
486.5,25.7680197,-80.1905148,103.4,0.78,5.4,1.8
486.75,25.7680192,-80.1905129,103.4,0.82,5.4,1.8
487.0,25.7680188,-80.1905109,103.4,0.8,5.4,1.8
487.25,25.7680184,-80.190509,103.4,0.72,5.2,1.8
487.5,25.7680181,-80.1905074,103.4,0.65,5.1,1.8
487.75,25.7680177,-80.1905059,103.4,0.68,5.1,1.8
488.0,25.7680173,-80.1905041,103.4,0.79,5.2,1.8
488.25,25.7680169,-80.190502,103.4,0.86,5.3,1.8
488.5,25.7680164,-80.1904999,103.4,0.91,5.3,1.8
488.75,25.768016,-80.1904976,103.4,0.92,5.3,1.8
489.0,25.7680155,-80.1904954,103.4,0.84,5.1,1.8
489.25,25.7680151,-80.1904935,103.4,0.73,4.9,1.8
489.5,25.7680147,-80.1904919,103.4,0.73,4.8,1.8
489.75,25.7680143,-80.19049,103.4,0.78,4.9,1.8
490.0,25.7680139,-80.1904881,103.4,0.75,4.8,1.8
490.25,25.7680135,-80.1904863,103.4,0.7,4.6,1.8
490.5,25.7680132,-80.1904847,103.4,0.72,4.6,1.8
490.75,25.7680128,-80.1904829,103.4,0.75,4.6,1.8
491.0,25.7680124,-80.1904811,103.4,0.73,4.6,1.8
491.25,25.768012,-80.1904793,103.4,0.79,4.6,1.8
491.5,25.7680116,-80.1904773,103.4,0.93,4.8,1.8
491.75,25.768011,-80.1904748,103.4,1.02,5.0,1.8
492.0,25.7680105,-80.1904723,103.4,1.02,4.9,1.8
492.25,25.76801,-80.1904699,103.4,1.0,4.8,1.8
492.5,25.7680095,-80.1904675,103.4,0.93,4.6,1.8
492.75,25.768009,-80.1904653,103.4,0.86,4.5,1.8
493.0,25.7680086,-80.1904633,103.4,0.83,4.4,1.8
493.25,25.7680081,-80.1904613,103.4,0.78,4.2,1.8
493.5,25.7680077,-80.1904595,103.4,0.65,4.0,1.8
493.75,25.7680075,-80.1904581,103.4,0.53,3.8,1.8
494.0,25.7680072,-80.1904569,103.4,0.5,3.7,1.8
494.25,25.7680069,-80.1904557,103.4,0.51,3.7,1.8
494.5,25.7680067,-80.1904545,103.4,0.53,3.7,1.8
494.75,25.7680064,-80.1904531,103.4,0.59,3.7,1.8
495.0,25.768006,-80.1904516,103.4,0.69,3.9,1.8
495.25,25.7680057,-80.1904498,103.4,0.72,3.9,1.8
495.5,25.7680053,-80.1904481,103.4,0.64,3.7,1.8
495.75,25.768005,-80.1904467,103.4,0.55,3.5,1.8
496.0,25.7680047,-80.1904454,103.4,0.55,3.5,1.8
496.25,25.7680044,-80.190444,103.4,0.57,3.5,1.8
496.5,25.7680041,-80.1904427,103.4,0.55,3.4,1.8
496.75,25.7680038,-80.1904413,103.4,0.54,3.4,1.8
497.0,25.7680035,-80.19044,103.4,0.54,3.3,1.8
497.25,25.7680033,-80.1904387,103.4,0.52,3.3,1.8
497.5,25.768003,-80.1904375,103.4,0.5,3.2,1.8
497.75,25.7680027,-80.1904363,103.4,0.51,3.2,1.8
498.0,25.7680025,-80.190435,103.4,0.58,3.3,1.8
498.25,25.7680021,-80.1904335,103.4,0.65,3.4,1.8
498.5,25.7680018,-80.1904318,103.4,0.72,3.5,1.8
498.75,25.7680014,-80.19043,103.4,0.78,3.6,1.8
499.0,25.768001,-80.1904281,103.4,0.84,3.7,1.8
499.25,25.7680005,-80.1904259,103.4,0.89,3.7,1.8
499.5,25.768,-80.1904237,103.4,0.9,3.7,1.8
499.75,25.7679996,-80.1904215,103.4,0.93,3.7,1.8
500.0,25.7679991,-80.1904192,103.4,1.01,3.9,1.8
500.25,25.7679985,-80.1904166,103.4,1.05,4.0,1.8
500.5,25.767998,-80.1904141,103.4,1.02,3.8,1.8
500.75,25.7679975,-80.1904117,103.4,0.96,3.6,1.8
501.0,25.767997,-80.1904094,103.4,0.93,3.5,1.8
501.25,25.7679965,-80.1904072,103.4,0.92,3.5,1.8
501.5,25.767996,-80.190405,103.4,0.89,3.4,1.8
501.75,25.7679956,-80.1904029,103.4,0.85,3.2,1.8
502.0,25.7679951,-80.1904008,103.0,0.83,3.2,1.8
502.25,25.7679947,-80.1903988,103.0,0.83,3.1,1.8
502.5,25.7679943,-80.1903968,103.0,0.84,3.1,1.8
502.75,25.7679938,-80.1903947,103.0,0.89,3.2,1.8
503.0,25.7679934,-80.1903925,103.0,1.04,3.6,1.8
503.25,25.7679928,-80.1903897,103.0,1.33,4.3,1.8
503.5,25.767992,-80.190386,103.0,1.72,5.4,1.8
503.75,25.767991,-80.1903813,103.0,2.29,7.0,1.8
504.0,25.7679897,-80.1903749,103.0,3.18,9.6,1.8
504.25,25.7679878,-80.1903659,103.0,4.35,13.1,1.8
504.5,25.7679853,-80.1903538,103.0,5.42,16.3,1.8
504.75,25.7679823,-80.1903395,103.0,5.41,16.2,1.8
505.0,25.7679798,-80.1903275,103.0,4.95,14.8,1.8
